{"stats":{"minecraft:crafted":{"minecraft:cherry_planks":88,"minecraft:stone_shovel":1,"minecraft:crafting_table":1,"minecraft:stick":8,"minecraft:wooden_pickaxe":2,"minecraft:stone_pickaxe":2,"minecraft:wooden_axe":1},"minecraft:dropped":{"minecraft:poppy":18,"minecraft:peony":7,"minecraft:snowball":80,"minecraft:sunflower":2,"minecraft:leather":4,"minecraft:red_tulip":8,"minecraft:pink_tulip":5},"minecraft:killed":{"minecraft:sheep":3,"minecraft:pig":4,"minecraft:cow":3},"minecraft:mined":{"minecraft:pink_petals":7,"minecraft:iron_ore":4,"minecraft:snow_block":44,"minecraft:snow":31,"minecraft:cherry_log":22,"minecraft:powder_snow":1,"minecraft:orange_tulip":1,"minecraft:peony":15,"minecraft:crafting_table":3,"minecraft:short_grass":17,"minecraft:red_tulip":13,"minecraft:grass_block":3,"minecraft:coal_ore":13,"minecraft:poppy":18,"minecraft:cherry_leaves":12,"minecraft:sunflower":8,"minecraft:dirt":7,"minecraft:pink_tulip":5,"minecraft:tall_grass":13,"minecraft:stone":8},"minecraft:custom":{"minecraft:time_since_rest":28309,"minecraft:sprint_one_cm":70284,"minecraft:damage_taken":310,"minecraft:walk_one_cm":81275,"minecraft:mob_kills":10,"minecraft:drop":31,"minecraft:damage_dealt":929,"minecraft:interact_with_crafting_table":3,"minecraft:fly_one_cm":40849,"minecraft:open_chest":1,"minecraft:crouch_one_cm":1643,"minecraft:play_time":28309,"minecraft:sneak_time":538,"minecraft:jump":625,"minecraft:leave_game":5,"minecraft:time_since_death":28309,"minecraft:total_world_time":28309,"minecraft:fall_one_cm":12402},"minecraft:used":{"minecraft:wooden_axe":58,"minecraft:sunflower":5,"minecraft:bread":3,"minecraft:stone_shovel":75,"minecraft:stone_pickaxe":12,"minecraft:wooden_pickaxe":13,"minecraft:pink_petals":2,"minecraft:dirt":17,"minecraft:crafting_table":3,"minecraft:cooked_beef":2},"minecraft:picked_up":{"minecraft:pink_petals":56,"minecraft:stick":6,"minecraft:crafting_table":3,"minecraft:cooked_beef":2,"minecraft:leather":4,"minecraft:brown_mushroom":1,"minecraft:porkchop":6,"minecraft:cherry_log":22,"minecraft:gunpowder":2,"minecraft:cornflower":100,"minecraft:dirt":29,"minecraft:cooked_mutton":4,"minecraft:peony":13,"minecraft:wheat_seeds":4,"minecraft:red_tulip":8,"minecraft:beef":5,"minecraft:cherry_sapling":11,"minecraft:pink_tulip":5,"minecraft:poppy":18,"minecraft:snowball":223,"minecraft:mutton":6,"minecraft:coal":13,"minecraft:raw_iron":4,"minecraft:white_wool":3,"minecraft:cobblestone":8,"minecraft:sunflower":7}},"DataVersion":3953}