{"stats":{"minecraft:mined":{"minecraft:jungle_leaves":1,"minecraft:mangrove_leaves":1,"minecraft:crafting_table":1,"minecraft:short_grass":1,"minecraft:poppy":1,"minecraft:melon":3,"minecraft:vine":2,"minecraft:jungle_log":15,"minecraft:sand":3,"minecraft:stone":8,"minecraft:mangrove_propagule":1,"minecraft:oak_leaves":4},"minecraft:used":{"minecraft:wooden_axe":19,"minecraft:mangrove_propagule":1,"minecraft:melon_slice":2,"minecraft:wooden_pickaxe":8,"minecraft:wooden_sword":1,"minecraft:crafting_table":1},"minecraft:custom":{"minecraft:time_since_rest":9974,"minecraft:sprint_one_cm":18285,"minecraft:damage_taken":50,"minecraft:walk_one_cm":14310,"minecraft:drop":1,"minecraft:damage_dealt":25,"minecraft:interact_with_crafting_table":1,"minecraft:swim_one_cm":8877,"minecraft:fly_one_cm":15039,"minecraft:crouch_one_cm":810,"minecraft:play_time":9974,"minecraft:sneak_time":901,"minecraft:walk_under_water_one_cm":935,"minecraft:jump":191,"minecraft:walk_on_water_one_cm":3255,"minecraft:time_since_death":9974,"minecraft:climb_one_cm":5203,"minecraft:total_world_time":9974,"minecraft:fall_one_cm":3396},"minecraft:crafted":{"minecraft:wooden_sword":1,"minecraft:crafting_table":1,"minecraft:stick":4,"minecraft:wooden_pickaxe":1,"minecraft:wooden_axe":1,"minecraft:jungle_planks":24},"minecraft:dropped":{"minecraft:poppy":1},"minecraft:picked_up":{"minecraft:stick":1,"minecraft:crafting_table":1,"minecraft:jungle_log":15,"minecraft:wooden_pickaxe":1,"minecraft:sand":3,"minecraft:poppy":1,"minecraft:melon_slice":13,"minecraft:mangrove_propagule":1,"minecraft:cobblestone":8}},"DataVersion":3953}