{"stats":{"minecraft:used":{"minecraft:stone_pickaxe":27,"minecraft:spruce_planks":4,"minecraft:wooden_pickaxe":17,"minecraft:dirt":1,"minecraft:crafting_table":2,"minecraft:wooden_axe":2,"minecraft:bread":3,"minecraft:wooden_sword":22,"minecraft:cobblestone":35,"hamsters:hamster":1,"minecraft:coarse_dirt":2,"minecraft:cooked_beef":1},"minecraft:killed":{"minecraft:pig":2,"minecraft:sheep":2,"minecraft:cow":2},"minecraft:mined":{"minecraft:scaffolding":3,"minecraft:brown_stained_glass_pane":2,"minecraft:oak_fence":1,"minecraft:crafting_table":2,"minecraft:torch":2,"minecraft:grass_block":1,"minecraft:chest":1,"minecraft:brick_stairs":1,"minecraft:tall_grass":12,"minecraft:cobblestone":5,"minecraft:spruce_leaves":5,"minecraft:wall_torch":1,"minecraft:large_fern":4,"minecraft:light_gray_candle":1,"minecraft:coarse_dirt":5,"minecraft:sweet_berry_bush":6,"minecraft:spruce_log":4,"minecraft:birch_leaves":3,"minecraft:peony":1,"minecraft:grass":33,"minecraft:coal_ore":5,"minecraft:oak_log":2,"minecraft:flower_pot":2,"minecraft:dirt":18,"minecraft:stone":25,"minecraft:oak_leaves":5,"minecraft:spruce_slab":2,"minecraft:fern":10},"minecraft:custom":{"minecraft:mob_kills":6,"minecraft:interact_with_crafting_table":3,"minecraft:eat_cake_slice":1,"minecraft:leave_game":1,"minecraft:time_since_death":35382,"minecraft:sleep_in_bed":1,"minecraft:climb_one_cm":1226,"minecraft:time_since_rest":16763,"minecraft:sprint_one_cm":30640,"minecraft:damage_taken":260,"minecraft:walk_one_cm":83992,"minecraft:damage_dealt":679,"minecraft:swim_one_cm":833,"minecraft:fly_one_cm":21613,"minecraft:open_chest":10,"minecraft:crouch_one_cm":3271,"minecraft:play_time":35382,"minecraft:sneak_time":2249,"minecraft:walk_under_water_one_cm":218,"minecraft:jump":425,"minecraft:walk_on_water_one_cm":7361,"minecraft:total_world_time":35382,"minecraft:fall_one_cm":7859},"minecraft:crafted":{"minecraft:wooden_sword":1,"minecraft:oak_planks":8,"minecraft:crafting_table":1,"minecraft:spruce_planks":16,"minecraft:wooden_pickaxe":1,"minecraft:furnace":1,"minecraft:stick":8,"minecraft:stone_pickaxe":1,"minecraft:wooden_axe":1},"minecraft:picked_up":{"minecraft:crafting_table":2,"minecraft:coarse_dirt":5,"minecraft:flower_pot":2,"minecraft:wooden_pickaxe":1,"minecraft:tuff":1,"minecraft:oak_log":2,"minecraft:dirt":25,"minecraft:wheat_seeds":8,"minecraft:beef":4,"minecraft:mossy_stone_bricks":1,"minecraft:spruce_slab":2,"minecraft:chest":1,"minecraft:black_candle":1,"minecraft:sweet_berries":15,"minecraft:torch":3,"minecraft:porkchop":3,"minecraft:spruce_sapling":1,"minecraft:spruce_log":4,"minecraft:light_gray_candle":1,"minecraft:peony":1,"minecraft:brick_stairs":1,"minecraft:mutton":4,"minecraft:coal":6,"minecraft:white_wool":2,"minecraft:cobblestone":46}},"DataVersion":3465}