{"stats":{"minecraft:crafted":{"minecraft:cherry_planks":88,"minecraft:crafting_table":1,"minecraft:wooden_pickaxe":2,"minecraft:wooden_axe":1},"minecraft:dropped":{"minecraft:poppy":18,"minecraft:leather":4},"minecraft:killed":{"minecraft:sheep":3,"minecraft:cow":3},"minecraft:mined":{"minecraft:pink_petals":4,"minecraft:cherry_log":22,"minecraft:crafting_table":1,"minecraft:short_grass":13,"minecraft:grass_block":3,"minecraft:poppy":18,"minecraft:cherry_leaves":12,"minecraft:sunflower":6,"minecraft:dirt":5,"minecraft:tall_grass":13},"minecraft:custom":{"minecraft:time_since_rest":16309,"minecraft:sprint_one_cm":39367,"minecraft:damage_taken":140,"minecraft:walk_one_cm":41400,"minecraft:mob_kills":6,"minecraft:drop":22,"minecraft:damage_dealt":518,"minecraft:interact_with_crafting_table":1,"minecraft:fly_one_cm":26227,"minecraft:crouch_one_cm":1166,"minecraft:play_time":16309,"minecraft:sneak_time":273,"minecraft:jump":424,"minecraft:leave_game":5,"minecraft:time_since_death":16309,"minecraft:total_world_time":16309,"minecraft:fall_one_cm":6494},"minecraft:used":{"minecraft:wooden_axe":1,"minecraft:pink_petals":2,"minecraft:dirt":13,"minecraft:crafting_table":1,"minecraft:cooked_beef":2},"minecraft:picked_up":{"minecraft:pink_petals":47,"minecraft:stick":6,"minecraft:crafting_table":1,"minecraft:cooked_beef":2,"minecraft:leather":4,"minecraft:brown_mushroom":1,"minecraft:cherry_log":22,"minecraft:gunpowder":2,"minecraft:dirt":28,"minecraft:wheat_seeds":4,"minecraft:beef":5,"minecraft:cherry_sapling":11,"minecraft:poppy":18,"minecraft:mutton":6,"minecraft:white_wool":3,"minecraft:sunflower":5}},"DataVersion":3953}