{"stats":{"minecraft:used":{"minecraft:wooden_axe":1,"minecraft:bread":3,"minecraft:stone_pickaxe":22,"minecraft:spruce_planks":4,"minecraft:wooden_pickaxe":12,"minecraft:wooden_sword":7,"minecraft:dirt":1,"minecraft:cobblestone":13,"minecraft:crafting_table":2,"hamsters:hamster":1},"minecraft:mined":{"minecraft:large_fern":4,"minecraft:coarse_dirt":5,"minecraft:brown_stained_glass_pane":2,"minecraft:sweet_berry_bush":6,"minecraft:spruce_log":4,"minecraft:birch_leaves":3,"minecraft:peony":1,"minecraft:crafting_table":2,"minecraft:grass":33,"minecraft:oak_log":2,"minecraft:grass_block":1,"minecraft:coal_ore":5,"minecraft:dirt":18,"minecraft:tall_grass":12,"minecraft:cobblestone":1,"minecraft:spruce_leaves":5,"minecraft:stone":25,"minecraft:oak_leaves":5,"minecraft:fern":10},"minecraft:crafted":{"minecraft:wooden_sword":1,"minecraft:oak_planks":8,"minecraft:crafting_table":1,"minecraft:spruce_planks":16,"minecraft:stick":8,"minecraft:wooden_pickaxe":1,"minecraft:stone_pickaxe":1,"minecraft:wooden_axe":1,"minecraft:furnace":1},"minecraft:custom":{"minecraft:time_since_rest":6331,"minecraft:sprint_one_cm":26524,"minecraft:damage_taken":140,"minecraft:walk_one_cm":65632,"minecraft:damage_dealt":119,"minecraft:swim_one_cm":833,"minecraft:interact_with_crafting_table":3,"minecraft:fly_one_cm":20553,"minecraft:open_chest":3,"minecraft:crouch_one_cm":365,"minecraft:play_time":24950,"minecraft:sneak_time":509,"minecraft:walk_under_water_one_cm":218,"minecraft:jump":329,"minecraft:time_since_death":24950,"minecraft:walk_on_water_one_cm":7361,"minecraft:sleep_in_bed":1,"minecraft:total_world_time":24950,"minecraft:fall_one_cm":5872},"minecraft:picked_up":{"minecraft:coarse_dirt":5,"minecraft:crafting_table":2,"minecraft:sweet_berries":15,"minecraft:wooden_pickaxe":1,"minecraft:tuff":1,"minecraft:oak_log":2,"minecraft:spruce_sapling":1,"minecraft:spruce_log":4,"minecraft:dirt":25,"minecraft:peony":1,"minecraft:wheat_seeds":8,"minecraft:mossy_stone_bricks":1,"minecraft:coal":6,"minecraft:cobblestone":42}},"DataVersion":3465}