{"stats":{"minecraft:used":{"minecraft:wooden_axe":1,"minecraft:stone_pickaxe":14,"minecraft:wooden_pickaxe":12,"minecraft:crafting_table":2,"hamsters:hamster":1},"minecraft:mined":{"minecraft:large_fern":4,"minecraft:sweet_berry_bush":6,"minecraft:spruce_log":4,"minecraft:birch_leaves":3,"minecraft:crafting_table":2,"minecraft:grass":31,"minecraft:oak_log":2,"minecraft:grass_block":1,"minecraft:coal_ore":5,"minecraft:tall_grass":12,"minecraft:spruce_leaves":5,"minecraft:stone":21,"minecraft:oak_leaves":5,"minecraft:fern":9},"minecraft:crafted":{"minecraft:wooden_sword":1,"minecraft:oak_planks":8,"minecraft:crafting_table":1,"minecraft:spruce_planks":16,"minecraft:stick":8,"minecraft:wooden_pickaxe":1,"minecraft:stone_pickaxe":1,"minecraft:wooden_axe":1,"minecraft:furnace":1},"minecraft:custom":{"minecraft:time_since_rest":12950,"minecraft:sprint_one_cm":10547,"minecraft:damage_taken":60,"minecraft:walk_one_cm":30423,"minecraft:damage_dealt":25,"minecraft:interact_with_crafting_table":3,"minecraft:fly_one_cm":6709,"minecraft:crouch_one_cm":123,"minecraft:play_time":12950,"minecraft:sneak_time":137,"minecraft:jump":211,"minecraft:time_since_death":12950,"minecraft:walk_on_water_one_cm":569,"minecraft:total_world_time":12950,"minecraft:fall_one_cm":3894},"minecraft:picked_up":{"minecraft:crafting_table":2,"minecraft:sweet_berries":15,"minecraft:wooden_pickaxe":1,"minecraft:oak_log":2,"minecraft:spruce_sapling":1,"minecraft:spruce_log":4,"minecraft:dirt":1,"minecraft:wheat_seeds":7,"minecraft:coal":6,"minecraft:cobblestone":21}},"DataVersion":3465}