{"stats":{"minecraft:mined":{"minecraft:sugar_cane":4,"minecraft:mangrove_leaves":2},"minecraft:killed_by":{"minecraft:zombie":1},"minecraft:used":{"minecraft:cooked_beef":5},"minecraft:custom":{"minecraft:jump":572,"minecraft:time_since_rest":10116,"minecraft:deaths":1,"minecraft:walk_on_water_one_cm":1605,"minecraft:sprint_one_cm":63007,"minecraft:play_time":23527,"minecraft:damage_taken":540,"minecraft:time_since_death":921,"minecraft:walk_one_cm":11400,"minecraft:climb_one_cm":8190,"minecraft:total_world_time":23527,"minecraft:walk_under_water_one_cm":193,"minecraft:swim_one_cm":3985,"minecraft:fall_one_cm":24029,"minecraft:fly_one_cm":137513},"minecraft:picked_up":{"minecraft:stick":1,"minecraft:sugar_cane":8}},"DataVersion":3953}