{"stats":{"minecraft:used":{"minecraft:stone_pickaxe":67,"minecraft:wooden_pickaxe":3,"minecraft:spruce_sapling":1,"minecraft:dirt":1,"minecraft:cobblestone":1,"minecraft:crafting_table":1,"hamsters:hamster":4},"minecraft:mined":{"minecraft:large_fern":2,"minecraft:spruce_log":4,"minecraft:grass":23,"minecraft:oak_log":1,"minecraft:grass_block":1,"minecraft:coal_ore":35,"minecraft:dirt":3,"minecraft:tall_grass":4,"minecraft:spruce_leaves":12,"minecraft:stone":32,"minecraft:oak_leaves":5,"minecraft:fern":1},"minecraft:crafted":{"minecraft:oak_planks":4,"minecraft:crafting_table":1,"minecraft:spruce_planks":16,"minecraft:stick":4,"minecraft:wooden_pickaxe":1,"minecraft:stone_pickaxe":1},"minecraft:custom":{"minecraft:time_since_rest":23421,"minecraft:sprint_one_cm":4312,"minecraft:damage_taken":15,"minecraft:walk_one_cm":13163,"minecraft:drop":2,"minecraft:damage_dealt":40,"minecraft:interact_with_crafting_table":2,"minecraft:fly_one_cm":6900,"minecraft:crouch_one_cm":268,"minecraft:play_time":23421,"minecraft:sneak_time":128,"minecraft:walk_under_water_one_cm":1431,"minecraft:jump":61,"minecraft:time_since_death":23421,"minecraft:walk_on_water_one_cm":1641,"minecraft:total_world_time":23421,"minecraft:fall_one_cm":1430},"minecraft:picked_up":{"minecraft:stick":1,"minecraft:wooden_pickaxe":1,"minecraft:oak_log":1,"minecraft:spruce_sapling":1,"minecraft:spruce_log":4,"minecraft:dirt":4,"minecraft:wheat_seeds":3,"minecraft:coal":33,"minecraft:cobblestone":32},"minecraft:dropped":{"minecraft:wooden_pickaxe":2}},"DataVersion":3465}