{"stats":{"minecraft:crafted":{"minecraft:red_dye":3,"minecraft:cooked_porkchop":2,"minecraft:crafting_table":1,"minecraft:wooden_pickaxe":1,"minecraft:iron_sword":1,"minecraft:red_bed":1,"minecraft:furnace":2,"minecraft:red_wool":3,"minecraft:stone_axe":1,"minecraft:cooked_mutton":6,"minecraft:air":0,"minecraft:iron_axe":1,"minecraft:stick":12,"minecraft:iron_ingot":5,"minecraft:iron_pickaxe":1,"minecraft:stone_pickaxe":1,"minecraft:acacia_planks":40,"minecraft:smoker":1},"minecraft:killed":{"minecraft:armadillo":2,"minecraft:pig":7,"minecraft:creeper":1,"minecraft:sheep":6,"minecraft:goat":1,"minecraft:cow":7},"minecraft:dropped":{"minecraft:iron_sword":1,"minecraft:stone_axe":1,"minecraft:wheat_seeds":10,"minecraft:cobblestone":38,"minecraft:light_gray_wool":1,"minecraft:cooked_mutton":4,"minecraft:dirt":1,"minecraft:gunpowder":2,"minecraft:cornflower":100,"minecraft:acacia_sapling":10,"minecraft:wooden_pickaxe":1,"minecraft:stone_pickaxe":1,"minecraft:iron_pickaxe":1},"minecraft:mined":{"minecraft:smoker":1,"minecraft:powder_snow":1,"minecraft:crafting_table":2,"minecraft:cornflower":100,"minecraft:short_grass":7,"minecraft:acacia_log":40,"minecraft:grass_block":1,"minecraft:cobblestone":4,"minecraft:tall_grass":1,"minecraft:furnace":1,"minecraft:iron_ore":15,"minecraft:wheat":1,"minecraft:coal_ore":26,"minecraft:gravel":9,"minecraft:dirt":1,"minecraft:stone":92},"minecraft:custom":{"minecraft:interact_with_furnace":4,"minecraft:mob_kills":24,"minecraft:interact_with_crafting_table":10,"minecraft:leave_game":3,"minecraft:time_since_death":30005,"minecraft:time_since_rest":30005,"minecraft:sprint_one_cm":69090,"minecraft:damage_taken":130,"minecraft:walk_one_cm":54604,"minecraft:drop":121,"minecraft:damage_dealt":2421,"minecraft:fly_one_cm":168376,"minecraft:crouch_one_cm":292,"minecraft:play_time":30005,"minecraft:sneak_time":392,"minecraft:jump":759,"minecraft:total_world_time":30005,"minecraft:interact_with_smoker":4,"minecraft:fall_one_cm":30238},"minecraft:used":{"minecraft:cooked_mutton":2,"minecraft:stone_pickaxe":131,"minecraft:wooden_pickaxe":3,"minecraft:iron_sword":20,"minecraft:dirt":2,"minecraft:crafting_table":2,"minecraft:acacia_sapling":2,"minecraft:smoker":1,"minecraft:iron_axe":4,"minecraft:iron_pickaxe":50,"minecraft:gravel":8,"minecraft:stone_axe":19,"minecraft:cobblestone":5,"minecraft:furnace":1,"minecraft:cooked_porkchop":2},"minecraft:picked_up":{"minecraft:crafting_table":2,"minecraft:cooked_beef":6,"minecraft:leather":20,"minecraft:smoker":1,"minecraft:flint":2,"minecraft:gunpowder":2,"minecraft:cornflower":100,"minecraft:dirt":3,"minecraft:wheat_seeds":10,"minecraft:beef":107,"minecraft:iron_ingot":4,"minecraft:stone_pickaxe":1,"minecraft:poppy":18,"minecraft:light_gray_wool":1,"minecraft:acacia_sapling":12,"minecraft:furnace":1,"minecraft:stick":15,"minecraft:raw_iron":35,"minecraft:acacia_log":40,"minecraft:gravel":8,"minecraft:porkchop":152,"minecraft:peony":7,"minecraft:red_tulip":8,"minecraft:pink_tulip":5,"minecraft:mutton":132,"minecraft:coal":63,"minecraft:cobblestone":134,"minecraft:white_wool":5,"minecraft:sunflower":2},"minecraft:broken":{"minecraft:stone_pickaxe":1}},"DataVersion":3953}