{"stats":{"minecraft:mined":{"minecraft:mangrove_roots":2,"minecraft:mangrove_leaves":15,"minecraft:crafting_table":1,"minecraft:short_grass":4,"minecraft:vine":7,"minecraft:jungle_log":67,"minecraft:bamboo":1,"minecraft:stone":47,"minecraft:sugar_cane":4,"minecraft:oak_leaves":3,"minecraft:fern":1},"minecraft:killed_by":{"minecraft:zombie":1},"minecraft:used":{"minecraft:stone_pickaxe":44,"minecraft:wooden_pickaxe":3,"minecraft:stone_axe":68,"minecraft:mangrove_roots":2,"minecraft:crafting_table":1,"minecraft:cooked_beef":5},"minecraft:custom":{"minecraft:time_since_rest":9598,"minecraft:sprint_one_cm":88074,"minecraft:damage_taken":765,"minecraft:walk_one_cm":28900,"minecraft:mob_kills":4,"minecraft:drop":1,"minecraft:damage_dealt":410,"minecraft:swim_one_cm":9368,"minecraft:interact_with_crafting_table":3,"minecraft:fly_one_cm":171840,"minecraft:crouch_one_cm":85,"minecraft:play_time":35527,"minecraft:deaths":2,"minecraft:sneak_time":144,"minecraft:walk_under_water_one_cm":1048,"minecraft:jump":799,"minecraft:walk_on_water_one_cm":11822,"minecraft:time_since_death":9567,"minecraft:climb_one_cm":13082,"minecraft:total_world_time":35527,"minecraft:fall_one_cm":31456},"minecraft:dropped":{"minecraft:wooden_pickaxe":1},"minecraft:crafted":{"minecraft:crafting_table":1,"minecraft:stick":8,"minecraft:wooden_pickaxe":1,"minecraft:stone_pickaxe":1,"minecraft:stone_axe":1,"minecraft:jungle_planks":24},"minecraft:picked_up":{"minecraft:stick":1,"minecraft:crafting_table":1,"minecraft:jungle_log":67,"minecraft:porkchop":7,"minecraft:mangrove_roots":2,"minecraft:poppy":1,"minecraft:bamboo":6,"minecraft:sugar_cane":8,"minecraft:cobblestone":47},"minecraft:killed":{"minecraft:pig":4}},"DataVersion":3953}