{"stats":{"minecraft:mined":{"minecraft:mangrove_leaves":2},"minecraft:used":{"minecraft:cooked_beef":5},"minecraft:custom":{"minecraft:jump":442,"minecraft:time_since_rest":11527,"minecraft:walk_on_water_one_cm":1404,"minecraft:sprint_one_cm":48736,"minecraft:play_time":11527,"minecraft:damage_taken":310,"minecraft:time_since_death":11527,"minecraft:walk_one_cm":9601,"minecraft:climb_one_cm":7517,"minecraft:total_world_time":11527,"minecraft:walk_under_water_one_cm":193,"minecraft:swim_one_cm":3985,"minecraft:fall_one_cm":21210,"minecraft:fly_one_cm":98450},"minecraft:picked_up":{"minecraft:stick":1}},"DataVersion":3953}