{"stats":{"minecraft:crafted":{"minecraft:red_dye":3,"minecraft:cooked_porkchop":2,"minecraft:iron_axe":1,"minecraft:crafting_table":1,"minecraft:stick":12,"minecraft:iron_pickaxe":1,"minecraft:iron_ingot":5,"minecraft:wooden_pickaxe":1,"minecraft:stone_pickaxe":1,"minecraft:iron_sword":1,"minecraft:red_bed":1,"minecraft:furnace":2,"minecraft:red_wool":3,"minecraft:acacia_planks":40,"minecraft:stone_axe":1,"minecraft:cooked_mutton":6,"minecraft:air":0,"minecraft:smoker":1},"minecraft:dropped":{"minecraft:wheat_seeds":2,"minecraft:acacia_sapling":10,"minecraft:wooden_pickaxe":1},"minecraft:killed":{"minecraft:sheep":4,"minecraft:armadillo":2,"minecraft:pig":5,"minecraft:cow":6},"minecraft:mined":{"minecraft:furnace":1,"minecraft:smoker":1,"minecraft:iron_ore":8,"minecraft:crafting_table":2,"minecraft:short_grass":5,"minecraft:acacia_log":40,"minecraft:grass_block":1,"minecraft:coal_ore":26,"minecraft:gravel":9,"minecraft:tall_grass":1,"minecraft:stone":87},"minecraft:custom":{"minecraft:time_since_rest":18005,"minecraft:interact_with_furnace":4,"minecraft:sprint_one_cm":35357,"minecraft:damage_taken":60,"minecraft:walk_one_cm":21394,"minecraft:mob_kills":17,"minecraft:drop":8,"minecraft:damage_dealt":1651,"minecraft:interact_with_crafting_table":10,"minecraft:fly_one_cm":83947,"minecraft:play_time":18005,"minecraft:jump":374,"minecraft:leave_game":3,"minecraft:time_since_death":18005,"minecraft:interact_with_smoker":4,"minecraft:total_world_time":18005,"minecraft:fall_one_cm":15786},"minecraft:used":{"minecraft:iron_axe":1,"minecraft:iron_pickaxe":2,"minecraft:stone_pickaxe":127,"minecraft:wooden_pickaxe":3,"minecraft:iron_sword":10,"minecraft:gravel":8,"minecraft:stone_axe":19,"minecraft:dirt":1,"minecraft:crafting_table":2,"minecraft:cooked_porkchop":2,"minecraft:furnace":1,"minecraft:acacia_sapling":2,"minecraft:smoker":1},"minecraft:picked_up":{"minecraft:raw_iron":19,"minecraft:stick":15,"minecraft:crafting_table":2,"minecraft:cooked_beef":6,"minecraft:leather":7,"minecraft:smoker":1,"minecraft:acacia_log":40,"minecraft:gravel":8,"minecraft:porkchop":17,"minecraft:flint":2,"minecraft:dirt":1,"minecraft:wheat_seeds":2,"minecraft:iron_ingot":4,"minecraft:beef":18,"minecraft:poppy":18,"minecraft:light_gray_wool":1,"minecraft:mutton":6,"minecraft:coal":63,"minecraft:acacia_sapling":12,"minecraft:white_wool":3,"minecraft:cobblestone":87,"minecraft:furnace":1}},"DataVersion":3953}