{"stats":{"minecraft:used":{"minecraft:spruce_slab":1,"minecraft:stone_pickaxe":71,"minecraft:baked_potato":2,"minecraft:wooden_pickaxe":3,"minecraft:dirt":4,"minecraft:crafting_table":2,"minecraft:obsidian":3,"minecraft:iron_axe":1,"minecraft:bread":4,"minecraft:spruce_sapling":1,"minecraft:stone_bricks":2,"minecraft:stone_axe":15,"minecraft:cobblestone":10,"hamsters:hamster":4,"minecraft:cooked_beef":1,"minecraft:cobweb":5},"minecraft:killed":{"minecraft:pig":3,"minecraft:sheep":3,"minecraft:cow":2},"minecraft:mined":{"minecraft:tuff":1,"minecraft:red_bed":2,"minecraft:brown_stained_glass_pane":2,"minecraft:crafting_table":2,"minecraft:grass_block":1,"minecraft:spruce_fence":1,"minecraft:tall_grass":6,"minecraft:spruce_leaves":12,"minecraft:large_fern":2,"minecraft:hay_block":12,"minecraft:spruce_log":4,"minecraft:grass":23,"minecraft:coal_ore":35,"minecraft:oak_log":1,"minecraft:dirt":9,"minecraft:stone":32,"minecraft:stone_bricks":2,"minecraft:mossy_stone_bricks":1,"minecraft:spruce_slab":1,"minecraft:oak_leaves":6,"minecraft:fern":1},"minecraft:crafted":{"minecraft:oak_planks":4,"minecraft:crafting_table":1,"minecraft:spruce_planks":16,"minecraft:wooden_pickaxe":1,"minecraft:baked_potato":4,"minecraft:stone_axe":1,"minecraft:air":0,"minecraft:iron_axe":1,"minecraft:stick":12,"minecraft:iron_pickaxe":1,"minecraft:stone_pickaxe":1},"minecraft:custom":{"minecraft:interact_with_furnace":4,"minecraft:mob_kills":8,"minecraft:interact_with_crafting_table":4,"minecraft:open_barrel":3,"minecraft:leave_game":2,"minecraft:time_since_death":46815,"minecraft:time_since_rest":46815,"minecraft:sprint_one_cm":44081,"minecraft:damage_taken":375,"minecraft:walk_one_cm":48546,"minecraft:drop":8,"minecraft:damage_dealt":870,"minecraft:swim_one_cm":4678,"minecraft:fly_one_cm":111517,"minecraft:open_chest":11,"minecraft:crouch_one_cm":3783,"minecraft:play_time":46815,"minecraft:sneak_time":1545,"minecraft:walk_under_water_one_cm":1616,"minecraft:jump":397,"minecraft:walk_on_water_one_cm":9145,"minecraft:interact_with_smoker":1,"minecraft:total_world_time":46815,"minecraft:fall_one_cm":10994},"minecraft:picked_up":{"minecraft:crafting_table":2,"minecraft:leather":3,"minecraft:wooden_pickaxe":1,"minecraft:tuff":1,"minecraft:oak_log":1,"minecraft:dirt":4,"minecraft:red_bed":2,"minecraft:stone_bricks":4,"minecraft:wheat_seeds":4,"minecraft:beef":4,"minecraft:mossy_stone_bricks":1,"minecraft:spruce_slab":1,"minecraft:stick":1,"minecraft:spruce_fence":2,"minecraft:porkchop":7,"minecraft:spruce_sapling":1,"minecraft:spruce_log":4,"minecraft:hay_block":12,"minecraft:mutton":4,"minecraft:coal":33,"minecraft:white_wool":3,"minecraft:cobblestone":32},"minecraft:dropped":{"minecraft:tuff":1,"minecraft:cobblestone":16,"minecraft:spruce_fence":2,"minecraft:mossy_stone_bricks":1,"minecraft:stone_bricks":2,"minecraft:wooden_pickaxe":2}},"DataVersion":3465}