{"stats":{"minecraft:used":{"minecraft:bread":2,"minecraft:spruce_slab":1,"minecraft:stone_pickaxe":71,"minecraft:baked_potato":2,"minecraft:wooden_pickaxe":3,"minecraft:spruce_sapling":1,"minecraft:stone_bricks":2,"minecraft:stone_axe":8,"minecraft:dirt":4,"minecraft:cobblestone":10,"minecraft:crafting_table":1,"hamsters:hamster":4,"minecraft:obsidian":3,"minecraft:cobweb":5},"minecraft:killed":{"minecraft:pig":3},"minecraft:mined":{"minecraft:large_fern":2,"minecraft:hay_block":12,"minecraft:tuff":1,"minecraft:red_bed":2,"minecraft:brown_stained_glass_pane":2,"minecraft:spruce_log":4,"minecraft:crafting_table":1,"minecraft:grass":23,"minecraft:spruce_fence":1,"minecraft:grass_block":1,"minecraft:oak_log":1,"minecraft:coal_ore":35,"minecraft:dirt":9,"minecraft:tall_grass":4,"minecraft:stone_bricks":2,"minecraft:spruce_leaves":12,"minecraft:stone":32,"minecraft:mossy_stone_bricks":1,"minecraft:oak_leaves":6,"minecraft:spruce_slab":1,"minecraft:fern":1},"minecraft:crafted":{"minecraft:oak_planks":4,"minecraft:crafting_table":1,"minecraft:spruce_planks":16,"minecraft:stick":12,"minecraft:baked_potato":4,"minecraft:wooden_pickaxe":1,"minecraft:stone_pickaxe":1,"minecraft:stone_axe":1,"minecraft:air":0},"minecraft:custom":{"minecraft:time_since_rest":35428,"minecraft:interact_with_furnace":4,"minecraft:sprint_one_cm":32445,"minecraft:damage_taken":285,"minecraft:walk_one_cm":44128,"minecraft:mob_kills":3,"minecraft:drop":6,"minecraft:damage_dealt":430,"minecraft:swim_one_cm":2625,"minecraft:interact_with_crafting_table":3,"minecraft:fly_one_cm":61132,"minecraft:open_barrel":3,"minecraft:open_chest":6,"minecraft:crouch_one_cm":3783,"minecraft:play_time":35428,"minecraft:sneak_time":1545,"minecraft:walk_under_water_one_cm":1590,"minecraft:jump":244,"minecraft:leave_game":2,"minecraft:time_since_death":35428,"minecraft:walk_on_water_one_cm":8678,"minecraft:interact_with_smoker":1,"minecraft:total_world_time":35428,"minecraft:fall_one_cm":5854},"minecraft:picked_up":{"minecraft:stick":1,"minecraft:crafting_table":1,"minecraft:wooden_pickaxe":1,"minecraft:porkchop":7,"minecraft:spruce_fence":1,"minecraft:tuff":1,"minecraft:oak_log":1,"minecraft:spruce_sapling":1,"minecraft:spruce_log":4,"minecraft:red_bed":2,"minecraft:dirt":4,"minecraft:stone_bricks":4,"minecraft:wheat_seeds":3,"minecraft:hay_block":12,"minecraft:mossy_stone_bricks":1,"minecraft:spruce_slab":1,"minecraft:coal":33,"minecraft:cobblestone":32},"minecraft:dropped":{"minecraft:mossy_stone_bricks":1,"minecraft:tuff":1,"minecraft:stone_bricks":2,"minecraft:cobblestone":16,"minecraft:wooden_pickaxe":2}},"DataVersion":3465}